url_path,views_total,views_unique
/Pythagora-io/pythagora,2164,1312
/Pythagora-io/pythagora/tree/main/src,290,78
/Pythagora-io/pythagora/issues,164,49
/Pythagora-io/pythagora/blob/main/src/docs/integration/README.md,96,34
/Pythagora-io/pythagora/tree/main/src/commands,59,25
/Pythagora-io/pythagora/tree/main/src/scripts,59,21
/Pythagora-io/pythagora/tree/main/pythagora_tests/unit/src,52,18
/Pythagora-io/pythagora/blob/main/src/Pythagora.js,45,29
/Pythagora-io/pythagora/tree/main/src/helpers,42,19
/Pythagora-io/pythagora/issues/42,39,12
